{
  "usuarios": [
    {
      "nome": "Wagner",
      "cpf": "36475839281",
      "idade": "45",
      "id": 2
    },
    {
      "nome": "Jose",
      "cpf": "123",
      "idade": "18",
      "telefone": "99998888",
      "id": 3
    },
    {
      "nome": "Maria",
      "cpf": "456",
      "idade": "19",
      "telefone": "8399998888",
      "id": 4
    },
    {
      "nome": "Joseph Joestar",
      "cpf": "789",
      "idade": "20",
      "telefone": "08399998888",
      "id": 5
    }
  ],
  "mensagens": []
}